{"graph_0": {"_type": "graph-file", "path": "media/graph/graph_0_summary_dbe1694e.graph.json", "sha256": "dbe1694e5c4725bc00386a12ae470493fa9134009c5ff819f55ab64dd1bab048", "size": 1540}, "_runtime": 701.5690011978149, "_step": 29, "MRR": 0.10705804459863585, "Hits @3": 0.11263560944479897, "_timestamp": 1586482687.4512696, "Hits @10": 0.1458200382897256, "Hits @1": 0.08487555839183153}
