{"graph_0": {"_type": "graph-file", "path": "media/graph/graph_0_summary_cdca5361.graph.json", "sha256": "cdca536107bbb1db879c5c66dce05bfb630930d82cee9ecd9977e5ef700906c9", "size": 1540}, "Hits @1": 0.0026367831245880024, "_step": 0, "Hits @10": 0.0032959789057350032, "MRR": 0.003010862742301581, "_runtime": 37.17829918861389, "_timestamp": 1586484856.5604491, "Hits @3": 0.0026367831245880024}
