{"graph_0": {"_type": "graph-file", "path": "media/graph/graph_0_summary_73b2c816.graph.json", "sha256": "73b2c8161f586911f9ef349652be9516efb3cec1e3c8ea0caba1a0bfbaaf4cfa", "size": 1540}, "Hits @10": 0.14422463305679642, "Hits @3": 0.11104020421186982, "_runtime": 697.1461534500122, "_timestamp": 1586484095.8454602, "Hits @1": 0.08551372048500319, "MRR": 0.10682245751306513, "_step": 29}
