{"graph_0": {"_type": "graph-file", "path": "media/graph/graph_0_summary_51e8524c.graph.json", "sha256": "51e8524c914f09f9eaddc51766300fcb0a9c01b616d58658376280e5ca4e0686", "size": 1536}, "MRR": 0.010602591587027305, "_step": 8, "Hits @1": 0.0035098915124441607, "Hits @3": 0.01021059349074665, "_timestamp": 1586491069.68469, "Hits @10": 0.02488832163369496, "_runtime": 214.0075707435608}
