{"graph_0": {"_type": "graph-file", "path": "media/graph/graph_0_summary_288d0b81.graph.json", "sha256": "288d0b81eabb947ba5c8035649cbe2cb70bc4734cad854ac50a7931eb2682f22", "size": 1540}, "_step": 29, "Hits @3": 0.02520740268028079, "_runtime": 704.4232130050659, "_timestamp": 1586473654.8174424, "Hits @1": 0.014996809189534142, "MRR": 0.02647134168322161, "Hits @10": 0.048500319081046586}
