{"graph_0": {"_type": "graph-file", "path": "media/graph/graph_0_summary_909b2749.graph.json", "sha256": "909b274946ede5d27a9566b9fc14634df9e6b2d249c1c12fb81c9e0c2aa10a19", "size": 1540}, "_timestamp": 1586479132.1389382, "Hits @1": 0.0003190810465858328, "_runtime": 697.9719338417053, "Hits @10": 0.0012763241863433313, "_step": 29, "MRR": 0.000833192300639717, "Hits @3": 0.0003190810465858328}
