{"graph_0": {"_type": "graph-file", "path": "media/graph/graph_0_summary_629dd1a6.graph.json", "sha256": "629dd1a69910d62e9cc6498bc664e74f06596950b323639a763af1039f8ad0b2", "size": 1540}, "Hits @1": 0.014039566049776643, "_runtime": 697.7892081737518, "MRR": 0.026189631822418822, "Hits @3": 0.02297383535417996, "_timestamp": 1586480543.2641582, "_step": 29, "Hits @10": 0.048500319081046586}
