{"graph_0": {"_type": "graph-file", "path": "media/graph/graph_0_summary_28c9e2ad.graph.json", "sha256": "28c9e2ad2346262ffdd8550ce2bbd44eff0538f9d9cc5ae8ee4549d31c5097c3", "size": 1540}, "_runtime": 695.8085961341858, "_timestamp": 1586477017.1472259, "_step": 29, "Hits @10": 0.1458200382897256, "Hits @1": 0.08487555839183153, "Hits @3": 0.11263560944479897, "MRR": 0.10705804459863585}
