{"graph_0": {"_type": "graph-file", "path": "media/graph/graph_0_summary_90518b99.graph.json", "sha256": "90518b998f4e99b0c870838cdbdc7e3d9f801546d99429da3ed44fad48fe8651", "size": 1540}, "_runtime": 698.096696138382, "_step": 29, "Hits @1": 0.014996809189534142, "Hits @10": 0.048500319081046586, "_timestamp": 1586477725.9726703, "MRR": 0.02647134168322161, "Hits @3": 0.02520740268028079}
