{"graph_0": {"_type": "graph-file", "path": "media/graph/graph_0_summary_c8946212.graph.json", "sha256": "c89462123fc78b26755115bd7b525c7bf1b5af906ac2a40c4524aa7032336c46", "size": 1540}, "Hits @1": 0.08487555839183153, "_runtime": 701.6266660690308, "MRR": 0.10705804459863585, "Hits @10": 0.1458200382897256, "_timestamp": 1586490846.2423072, "Hits @3": 0.11263560944479897, "_step": 29}
