{"graph_0": {"_type": "graph-file", "path": "media/graph/graph_0_summary_db55466b.graph.json", "sha256": "db55466bb53ed2140527063ac2d1fc455d186b33244011f3c5491a61fe60a795", "size": 1536}, "_timestamp": 1586486580.31728, "Hits @1": 0.06828334396936822, "MRR": 0.09001526095066736, "_step": 29, "Hits @3": 0.09668155711550734, "_runtime": 696.5129845142365, "Hits @10": 0.12922782386726228}
