{"graph_0": {"_type": "graph-file", "path": "media/graph/graph_0_summary_901069e9.graph.json", "sha256": "901069e94241e34fd421e706cd172ad9f066e099e836a477555f2049370068be", "size": 1540}, "Hits @10": 0.14422463305679642, "_runtime": 707.8453552722931, "MRR": 0.10682245751306513, "_timestamp": 1586488004.787357, "Hits @3": 0.11104020421186982, "_step": 29, "Hits @1": 0.08551372048500319}
