{"graph_0": {"_type": "graph-file", "path": "media/graph/graph_0_summary_fb5535d3.graph.json", "sha256": "fb5535d3fa9d7db6aa2d5dac6111328eb5ed65a78dae1530da98634856fdcc46", "size": 1540}, "Hits @3": 0.11263560944479897, "_runtime": 701.0227956771851, "_timestamp": 1586490134.744767, "Hits @10": 0.1458200382897256, "Hits @1": 0.08487555839183153, "_step": 29, "MRR": 0.10705804459863585}
