{"graph_0": {"_type": "graph-file", "path": "media/graph/graph_0_summary_231a461b.graph.json", "sha256": "231a461be98c70b196a494a8f5fc82ab6483b7ef4f11ea287174226cf3ef00d8", "size": 1587}, "_runtime": 1130.3574211597443, "_step": 38, "Hits @10": 0.5024919378481384, "MRR": 0.34983849894319274, "Hits @1": 0.27142577934134665, "_timestamp": 1586471483.3654559, "Hits @3": 0.381559659923776}
