{"graph_0": {"_type": "graph-file", "path": "media/graph/graph_0_summary_dc59ef42.graph.json", "sha256": "dc59ef42d73507bc941a064b469170dfbefbe8803b4fe7ffda6aea9046a75467", "size": 1589}, "_step": 18, "Hits @1": 0.25389221556886227, "MRR": 0.32954559349885804, "_timestamp": 1586461575.9985797, "_runtime": 572.378059387207, "Hits @3": 0.35939549472483606, "Hits @10": 0.4797262617621899}
