{"graph_0": {"_type": "graph-file", "path": "media/graph/graph_0_summary_87bfa923.graph.json", "sha256": "87bfa9238ae27d3b3d592994a84c2cfe6789edc7013a3e0002b2629e3aee9a20", "size": 1540}, "_step": 2, "_runtime": 72.28304839134216, "_timestamp": 1586472107.0594542, "Hits @10": 0.0009572431397574984, "Hits @1": 0.0, "MRR": 0.00048304766684544774, "Hits @3": 0.0}
