{"graph_0": {"_type": "graph-file", "path": "media/graph/graph_0_summary_ef6e48ba.graph.json", "sha256": "ef6e48ba8e154fb77971f3801806b118047f1af810d3e2f91da69b7b137e42d7", "size": 1720}, "Hits @1": 0.01914486279514997, "_runtime": 3440.637205839157, "MRR": 0.03231881468898285, "Hits @3": 0.03158902361199745, "Hits @10": 0.054243777919591576, "_step": 100, "_timestamp": 1586498996.4082174}
