{"graph_0": {"_type": "graph-file", "path": "media/graph/graph_0_summary_09570b2c.graph.json", "sha256": "09570b2cf7441dc739f595e9a02dbb29df694a47180147dedad393fa7f0af10a", "size": 1540}, "_timestamp": 1586484807.460741, "Hits @10": 0.14422463305679642, "_step": 29, "Hits @3": 0.11104020421186982, "Hits @1": 0.08551372048500319, "MRR": 0.10682245751306513, "_runtime": 703.4657242298126}
