{"graph_0": {"_type": "graph-file", "path": "media/graph/graph_0_summary_eb2d5623.graph.json", "sha256": "eb2d5623a0f53e00586b908c7b2f1b76007bdf2df46afc825cc4fafcd94b1773", "size": 1720}, "_timestamp": 1586495510.7137496, "Hits @1": 0.000988793671720501, "_runtime": 438.6192116737366, "MRR": 0.010735509087585195, "Hits @10": 0.027356624917600526, "Hits @3": 0.00988793671720501, "_step": 12}
