{"graph_0": {"_type": "graph-file", "path": "media/graph/graph_0_summary_2052e4b2.graph.json", "sha256": "2052e4b204130baf90a109cffd2b099ac1c64466cac3019e829b53ea01b5d77e", "size": 1588}, "Hits @10": 0.4712289706301682, "Hits @1": 0.24345594525235245, "_timestamp": 1586470347.2652965, "MRR": 0.3200910069833116, "Hits @3": 0.35181066438551467, "_step": 27, "_runtime": 818.8205423355103}
