{"graph_0": {"_type": "graph-file", "path": "media/graph/graph_0_summary_6fd93e62.graph.json", "sha256": "6fd93e627062638b46399ecb04db695d3f962a244dc8bfa74f668de6f147ccb8", "size": 1720}, "_runtime": 1072.8667240142822, "MRR": 0.2798676512711634, "Hits @1": 0.2460114869176771, "_step": 44, "Hits @10": 0.3382259093809828, "_timestamp": 1586493956.5229201, "Hits @3": 0.2964262922782387}
