{"graph_0": {"_type": "graph-file", "path": "media/graph/graph_0_summary_a9930a35.graph.json", "sha256": "a9930a3597f3b8b99c83092eb526ae8eb5b359947b335862cf1c15c76fcd83b2", "size": 1536}, "MRR": 0.09001526095066736, "Hits @1": 0.06828334396936822, "_step": 29, "_runtime": 704.8975973129272, "_timestamp": 1586488718.0412292, "Hits @3": 0.09668155711550734, "Hits @10": 0.12922782386726228}
