{"graph_0": {"_type": "graph-file", "path": "media/graph/graph_0_summary_8c306456.graph.json", "sha256": "8c306456aec94ec166d171ae8a1da0918bf0cacce3b107199036e1771cb971b9", "size": 1540}, "Hits @3": 0.11104020421186982, "Hits @10": 0.14422463305679642, "_runtime": 2651.369626522064, "_timestamp": 1586476313.9490588, "MRR": 0.10682245751306513, "_step": 29, "Hits @1": 0.08551372048500319}
