{"graph_0": {"_type": "graph-file", "path": "media/graph/graph_0_summary_c15fb48d.graph.json", "sha256": "c15fb48d026fd07022e04a3be03ab6eb7d9f100798dc5a18ee2cdc6c240010d7", "size": 1540}, "_step": 29, "Hits @3": 0.11104020421186982, "Hits @10": 0.14422463305679642, "_runtime": 704.8275451660156, "MRR": 0.10682245751306513, "_timestamp": 1586487290.469248, "Hits @1": 0.08551372048500319}
