{"graph_0": {"_type": "graph-file", "path": "media/graph/graph_0_summary_3cc2e79b.graph.json", "sha256": "3cc2e79b2aaf6d4929be7b02d2b204e361f97de7fcfb09242a59824176bee32c", "size": 1540}, "Hits @3": 0.2737715379706445, "Hits @10": 0.3184428844926611, "Hits @1": 0.2236758136566688, "_step": 44, "_runtime": 1248.1143889427185, "MRR": 0.258346731600749, "_timestamp": 1586458992.6489797}
