{"graph_0": {"_type": "graph-file", "path": "media/graph/graph_0_summary_f5598139.graph.json", "sha256": "f5598139506ff15b10d85231023ab107ff21e5a20cae8e07c1287464862e4c46", "size": 1540}, "MRR": 0.10682245751306513, "Hits @3": 0.11104020421186982, "_timestamp": 1586478430.1658072, "_step": 29, "_runtime": 697.9774584770203, "Hits @1": 0.08551372048500319, "Hits @10": 0.14422463305679642}
