{"graph_0": {"_type": "graph-file", "path": "media/graph/graph_0_summary_61ad679b.graph.json", "sha256": "61ad679ba0b83e6ecbd70ab0e89f06c29f1e39ad18500e70a9c0330e5ae6067a", "size": 1540}, "MRR": 0.10705804459863585, "_runtime": 705.6308596134186, "Hits @10": 0.1458200382897256, "Hits @3": 0.11263560944479897, "_step": 29, "_timestamp": 1586481257.1180425, "Hits @1": 0.08487555839183153}
