{"graph_0": {"_type": "graph-file", "path": "media/graph/graph_0_summary_1dc6d4d6.graph.json", "sha256": "1dc6d4d622e2b509b887c20b0dc652cfcdf004916c9edf82fd0535a03adc476f", "size": 1540}, "MRR": 0.026189631822418822, "_runtime": 694.2275745868683, "Hits @10": 0.048500319081046586, "_timestamp": 1586472943.0148833, "_step": 29, "Hits @1": 0.014039566049776643, "Hits @3": 0.02297383535417996}
