{"graph_0": {"_type": "graph-file", "path": "media/graph/graph_0_summary_f4cfedc3.graph.json", "sha256": "f4cfedc3d0e5102030243919cafb9c9c2a2c28e37a858de3a34572079f465b00", "size": 1540}, "Hits @1": 0.08487555839183153, "MRR": 0.10705804459863585, "Hits @10": 0.1458200382897256, "Hits @3": 0.11263560944479897, "_step": 29, "_timestamp": 1586489425.978688, "_runtime": 700.1236810684204}
