{"graph_0": {"_type": "graph-file", "path": "media/graph/graph_0_summary_970b75fc.graph.json", "sha256": "970b75fc65051ac9d45803d8db43bc5ae471f26267dd75553e5dc9b4fb0e4a1e", "size": 1540}, "_step": 29, "Hits @10": 0.14135290363752392, "Hits @1": 0.06541161455009573, "_timestamp": 1586485876.8862443, "Hits @3": 0.09380982769623485, "_runtime": 702.8353564739227, "MRR": 0.08998712621758095}
