{"graph_0": {"_type": "graph-file", "path": "media/graph/graph_0_summary_719a5309.graph.json", "sha256": "719a5309baa92db07f19e90bd7d34c9245826e923511d6f0a23a64538beddb09", "size": 1540}, "Hits @3": 0.11263560944479897, "Hits @1": 0.08487555839183153, "Hits @10": 0.1458200382897256, "_timestamp": 1586483392.585155, "_step": 29, "MRR": 0.10705804459863585, "_runtime": 697.1520013809204}
