{"graph_0": {"_type": "graph-file", "path": "media/graph/graph_0_summary_d684dd00.graph.json", "sha256": "d684dd004add3f2c3c47026067baee9f3585118e62e717f4d05fbef6b8d1b138", "size": 1720}, "Hits @10": 0.0006591957811470006, "MRR": 0.0004767855404675629, "_timestamp": 1586494975.2142997, "Hits @1": 0.0, "Hits @3": 0.0003295978905735003, "_step": 0, "_runtime": 37.833500623703}
