{"graph_0": {"_type": "graph-file", "path": "media/graph/graph_0_summary_97ff527c.graph.json", "sha256": "97ff527c1bbbc1640efa3ece479db38f4f23268fc7c371c01309b8e41b126b3a", "size": 1540}, "_runtime": 698.2966241836548, "MRR": 0.02647134168322161, "_timestamp": 1586479837.9589868, "Hits @1": 0.014996809189534142, "Hits @3": 0.02520740268028079, "_step": 29, "Hits @10": 0.048500319081046586}
