{"graph_0": {"_type": "graph-file", "path": "media/graph/graph_0_summary_416c39ef.graph.json", "sha256": "416c39ef5c3c836c560c66b5593aa982bfb6e1dc46c62534b4991b3bd8746c0e", "size": 1540}, "Hits @3": 0.11104020421186982, "Hits @1": 0.08551372048500319, "Hits @10": 0.14422463305679642, "MRR": 0.10682245751306513, "_runtime": 715.8572137355804, "_timestamp": 1586481979.119152, "_step": 29}
